"Status","Start Time","Stop Time","Duration in ms","Parent Suite","Suite","Sub Suite","Test Class","Test Method","Name","Description"
"passed","Thu Aug 24 14:36:06 BDT 2023","Thu Aug 24 14:36:39 BDT 2023","33539","","LogInTest POM","","","","LogInTest",""
"passed","Thu Aug 24 14:38:03 BDT 2023","Thu Aug 24 14:38:33 BDT 2023","30083","","Overview POM","","","","verfying Trailing Returns",""
"passed","Thu Aug 24 14:37:13 BDT 2023","Thu Aug 24 14:37:17 BDT 2023","4554","","LogInTest POM","","","","verfying with valid username and valid password",""
"passed","Thu Aug 24 14:36:47 BDT 2023","Thu Aug 24 14:37:00 BDT 2023","13063","","LogInTest POM","","","","Veryfing logo""and background image",""
"passed","Thu Aug 24 14:34:39 BDT 2023","Thu Aug 24 14:35:54 BDT 2023","75155","","Investment List POM","","","","Investment List Test",""
"passed","Thu Aug 24 14:37:04 BDT 2023","Thu Aug 24 14:37:08 BDT 2023","4087","","LogInTest POM","","","","verfying with invalid username and valid password",""
"passed","Thu Aug 24 14:37:00 BDT 2023","Thu Aug 24 14:37:04 BDT 2023","3949","","LogInTest POM","","","","Veryfing with balnk data",""
"passed","Thu Aug 24 14:38:44 BDT 2023","Thu Aug 24 14:39:24 BDT 2023","40156","","Overview POM","","","","Overview Page Test",""
"passed","Thu Aug 24 14:37:24 BDT 2023","Thu Aug 24 14:38:03 BDT 2023","38328","","Overview POM","","","","verfying General Information",""
"passed","Thu Aug 24 14:37:08 BDT 2023","Thu Aug 24 14:37:13 BDT 2023","4528","","LogInTest POM","","","","verfying with valid username and invalid password",""
